Number,Name,Type_1,Type_2,Total,HP,Attack,Defense,Sp_Atk,Sp_Def,Speed,Generation,Color,Egg_Group_1,Height_m,Weight_kg,Catch_Rate,Body_Style
1,Bulbasaur,1,1,318,45,49,49,65,65,45,1,1,1,0.71,6.9,45,1
2,Ivysaur,1,1,405,60,62,63,80,80,60,1,1,1,0.99,13,45,1
3,Venusaur,1,1,525,80,82,83,100,100,80,1,1,1,2.01,100,45,1
4,Charmander,2,19,309,39,52,43,60,50,65,1,2,1,0.61,8.5,45,2
5,Charmeleon,2,19,405,58,64,58,80,65,80,1,2,1,1.09,19,45,2
6,Charizard,2,2,534,78,84,78,109,85,100,1,2,1,1.7,90.5,45,2
7,Squirtle,3,19,314,44,48,65,50,64,43,1,3,1,0.51,9,45,2
8,Wartortle,3,19,405,59,63,80,65,80,58,1,3,1,0.99,22.5,45,2
9,Blastoise,3,19,530,79,83,100,85,105,78,1,3,1,1.6,85.5,45,2
10,Caterpie,4,19,195,45,30,35,20,20,45,1,1,2,0.3,2.9,255,3
11,Metapod,4,19,205,50,20,55,25,25,30,1,1,2,0.71,9.9,120,4
12,Butterfree,4,2,395,60,45,50,90,80,70,1,4,2,1.09,32,45,5
13,Weedle,4,1,195,40,35,30,20,20,50,1,5,2,0.3,3.2,255,4
14,Kakuna,4,1,205,45,25,50,25,25,35,1,6,2,0.61,10,120,4
15,Beedrill,4,1,395,65,90,40,45,80,75,1,6,2,0.99,29.5,45,5
16,Pidgey,5,2,251,40,45,40,35,35,56,1,5,3,0.3,1.8,255,6
17,Pidgeotto,5,2,349,63,60,55,50,50,71,1,5,3,1.09,30,120,6
18,Pidgeot,5,2,479,83,80,75,70,70,101,1,5,3,1.5,39.5,45,6
19,Rattata,5,19,253,30,56,35,25,35,72,1,7,4,0.3,3.5,255,1
20,Raticate,5,19,413,55,81,60,50,70,97,1,5,4,0.71,18.5,127,1
21,Spearow,5,2,262,40,60,30,31,31,70,1,5,3,0.3,2,255,6
22,Fearow,5,2,442,65,90,65,61,61,100,1,5,3,1.19,38,90,6
23,Ekans,6,19,288,35,60,44,40,54,55,1,7,4,2.01,6.9,255,4
24,Arbok,6,19,438,60,85,69,65,79,80,1,7,4,3.51,65,90,4
25,Pikachu,7,19,320,35,55,40,50,50,90,1,6,4,0.41,6,190,1
26,Raichu,7,19,485,60,90,55,90,80,110,1,6,4,0.79,30,75,2
27,Sandshrew,8,19,300,50,75,85,20,30,40,1,6,4,0.61,12,255,2
28,Sandslash,8,19,450,75,100,110,45,55,65,1,6,4,0.99,29.5,90,2
29,Nidoranâ™€,6,19,275,55,47,52,40,40,41,1,3,1,0.41,7,235,1
30,Nidorina,6,19,365,70,62,67,55,55,56,1,3,5,0.79,20,120,1
31,Nidoqueen,6,3,505,90,92,87,75,85,76,1,3,5,1.3,60,45,2
32,Nidoranâ™‚,6,19,273,46,57,40,40,40,50,1,7,1,0.51,9,235,1
33,Nidorino,6,19,365,61,72,57,55,55,65,1,7,1,0.89,19.5,120,1
34,Nidoking,6,3,505,81,102,77,85,75,85,1,7,1,1.4,62,45,2
35,Clefairy,9,19,323,70,45,48,60,65,35,1,8,6,0.61,7.5,150,2
36,Clefable,9,19,483,95,70,73,95,90,60,1,8,6,1.3,40,25,2
37,Vulpix,2,19,299,38,41,40,50,65,65,1,5,4,0.61,9.9,190,1
38,Ninetales,2,19,505,73,76,75,81,100,100,1,6,4,1.09,19.9,75,1
39,Jigglypuff,5,4,270,115,45,20,45,25,20,1,8,6,0.51,5.5,170,7
40,Wigglytuff,5,4,435,140,70,45,85,50,45,1,8,6,0.99,12,50,7
41,Zubat,6,2,245,40,45,35,30,40,55,1,7,3,0.79,7.5,255,6
42,Golbat,6,2,455,75,80,70,65,75,90,1,7,3,1.6,55,90,6
43,Oddish,1,1,320,45,50,55,75,65,30,1,3,7,0.51,5.4,255,8
44,Gloom,1,1,395,60,65,70,85,75,40,1,3,7,0.79,8.6,120,7
45,Vileplume,1,1,490,75,80,85,110,90,50,1,2,7,1.19,18.6,45,7
46,Paras,4,14,285,35,70,55,45,55,25,1,2,2,0.3,5.4,190,3
47,Parasect,4,14,405,60,95,80,60,80,30,1,2,2,0.99,29.5,75,3
48,Venonat,4,1,305,60,55,50,40,55,45,1,7,2,0.99,30,190,7
49,Venomoth,4,1,450,70,65,60,90,75,90,1,7,2,1.5,12.5,75,5
50,Diglett,8,19,265,10,55,25,35,45,95,1,5,4,0.2,0.8,255,9
51,Dugtrio,8,19,405,35,80,50,50,70,120,1,5,4,0.71,33.3,50,10
52,Meowth,5,19,290,40,45,35,40,40,90,1,6,4,0.41,4.2,255,1
53,Persian,5,19,440,65,70,60,65,65,115,1,6,4,0.99,32,90,1
54,Psyduck,3,19,320,50,52,48,65,50,55,1,6,8,0.79,19.6,190,2
55,Golduck,3,19,500,80,82,78,95,80,85,1,3,8,1.7,76.6,75,2
56,Mankey,10,19,305,40,80,35,35,45,70,1,5,4,0.51,28,190,2
57,Primeape,10,19,455,65,105,60,60,70,95,1,5,4,0.99,32,75,2
58,Growlithe,2,19,350,55,70,45,70,50,60,1,5,4,0.71,19,190,1
59,Arcanine,2,19,555,90,110,80,100,80,95,1,5,4,1.91,155,75,1
60,Poliwag,3,19,300,40,50,40,40,40,90,1,3,8,0.61,12.4,255,8
61,Poliwhirl,3,19,385,65,65,65,50,50,90,1,3,8,0.99,20,120,7
62,Poliwrath,3,5,510,90,95,95,70,90,70,1,3,8,1.3,54,45,7
63,Abra,11,19,310,25,20,15,105,55,90,1,5,9,0.89,19.5,200,2
64,Kadabra,11,19,400,40,35,30,120,70,105,1,5,9,1.3,56.5,100,2
65,Alakazam,11,19,500,55,50,45,135,95,120,1,5,9,1.5,48,50,7
66,Machop,10,19,305,70,80,50,35,35,35,1,9,9,0.79,19.5,180,2
67,Machoke,10,19,405,80,100,70,50,60,45,1,9,9,1.5,70.5,90,7
68,Machamp,10,19,505,90,130,80,65,85,55,1,9,9,1.6,130,45,7
69,Bellsprout,1,1,300,50,75,35,70,30,40,1,1,7,0.71,4,255,7
70,Weepinbell,1,1,390,65,90,50,85,45,55,1,1,7,0.99,6.4,120,9
71,Victreebel,1,1,490,80,105,65,100,70,70,1,1,7,1.7,15.5,45,9
72,Tentacool,3,1,335,40,40,35,50,100,70,1,3,10,0.89,45.5,190,11
73,Tentacruel,3,1,515,80,70,65,80,120,100,1,3,10,1.6,55,60,11
74,Geodude,12,3,300,40,80,100,30,30,20,1,5,11,0.41,20,255,12
75,Graveler,12,3,390,55,95,115,45,45,35,1,5,11,0.99,105,120,7
76,Golem,12,3,495,80,120,130,55,65,45,1,5,11,1.4,300,45,7
77,Ponyta,2,19,410,50,85,55,65,65,90,1,6,4,0.99,30,190,1
78,Rapidash,2,19,500,65,100,70,80,80,105,1,6,4,1.7,95,60,1
79,Slowpoke,3,6,315,90,65,65,40,40,15,1,8,1,1.19,36,190,1
80,Slowbro,3,6,490,95,75,110,100,80,30,1,8,1,1.6,78.5,75,2
81,Magnemite,7,7,325,25,35,70,95,55,45,1,9,11,0.3,6,190,12
82,Magneton,7,7,465,50,60,95,120,70,70,1,9,11,0.99,60,60,10
83,Farfetch'd,5,2,352,52,65,55,58,62,60,1,5,3,0.79,15,45,6
84,Doduo,5,2,310,35,85,45,35,35,75,1,5,3,1.4,39.2,190,8
85,Dodrio,5,2,460,60,110,70,60,60,100,1,5,3,1.8,85.2,45,8
86,Seel,3,19,325,65,45,55,45,70,45,1,4,8,1.09,90,190,13
87,Dewgong,3,8,475,90,70,80,70,95,70,1,4,8,1.7,120,75,13
88,Grimer,6,19,325,80,80,50,40,50,25,1,7,12,0.89,30,190,12
89,Muk,6,19,500,105,105,75,65,100,50,1,7,12,1.19,30,75,12
90,Shellder,3,19,305,30,65,100,45,25,40,1,7,10,0.3,4,190,14
91,Cloyster,3,8,525,50,95,180,85,45,70,1,7,10,1.5,132.5,60,14
92,Gastly,13,1,310,30,35,30,100,35,80,1,7,12,1.3,0.1,190,14
93,Haunter,13,1,405,45,50,45,115,55,95,1,7,12,1.6,0.1,90,12
94,Gengar,13,1,500,60,65,60,130,75,110,1,7,12,1.5,40.5,45,2
95,Onix,12,3,385,35,45,160,30,45,70,1,9,11,8.79,210,45,4
96,Drowzee,11,19,328,60,48,45,43,90,42,1,6,9,0.99,32.4,190,7
97,Hypno,11,19,483,85,73,70,73,115,67,1,6,9,1.6,75.6,75,7
98,Krabby,3,19,325,30,105,90,25,25,50,1,2,10,0.41,6.5,225,3
99,Kingler,3,19,475,55,130,115,50,50,75,1,2,10,1.3,60,60,3
100,Voltorb,7,19,330,40,30,50,55,55,100,1,2,11,0.51,10.4,190,14
101,Electrode,7,19,480,60,50,70,80,80,140,1,2,11,1.19,66.6,60,14
102,Exeggcute,1,6,325,60,40,80,60,45,40,1,8,7,0.41,2.5,90,10
103,Exeggutor,1,6,520,95,95,85,125,65,55,1,6,7,2.01,120,45,8
104,Cubone,8,19,320,50,50,95,40,50,35,1,5,1,0.41,6.5,190,2
105,Marowak,8,19,425,60,80,110,50,80,45,1,5,1,0.99,45,75,2
106,Hitmonlee,10,19,455,50,120,53,35,110,87,1,5,9,1.5,49.8,45,7
107,Hitmonchan,10,19,455,50,105,79,35,110,76,1,5,9,1.4,50.2,45,7
108,Lickitung,5,19,385,90,55,75,60,75,30,1,8,1,1.19,65.5,45,2
109,Koffing,6,19,340,40,65,95,60,45,35,1,7,12,0.61,1,190,14
110,Weezing,6,19,490,65,90,120,85,70,60,1,7,12,1.19,9.5,60,10
111,Rhyhorn,8,9,345,80,85,95,30,30,25,1,9,1,0.99,115,120,1
112,Rhydon,8,9,485,105,130,120,45,45,40,1,9,1,1.91,120,60,2
113,Chansey,5,19,450,250,5,5,35,105,50,1,8,6,1.09,34.6,30,2
114,Tangela,1,19,435,65,55,115,100,40,60,1,3,7,0.99,35,45,8
115,Kangaskhan,5,19,490,105,95,80,40,80,90,1,5,1,2.21,80,45,2
116,Horsea,3,19,295,30,40,70,70,25,60,1,3,8,0.41,8,225,9
117,Seadra,3,19,440,55,65,95,95,45,85,1,3,8,1.19,25,75,9
118,Goldeen,3,19,320,45,67,60,35,50,63,1,2,13,0.61,15,225,13
119,Seaking,3,19,450,80,92,65,65,80,68,1,2,13,1.3,39,60,13
120,Staryu,3,19,340,30,45,55,70,55,85,1,5,10,0.79,34.5,225,9
121,Starmie,3,6,520,60,75,85,100,85,115,1,7,10,1.09,80,60,9
122,Mr._Mime,11,4,460,40,45,65,100,120,90,1,8,9,1.3,54.5,45,7
123,Scyther,4,2,500,70,110,80,55,80,105,1,1,2,1.5,56,45,5
124,Jynx,14,6,455,65,50,35,115,95,95,1,2,9,1.4,40.6,45,7
125,Electabuzz,7,19,490,65,83,57,95,85,105,1,6,9,1.09,30,45,2
126,Magmar,2,19,495,65,95,57,100,85,93,1,2,9,1.3,44.5,45,2
127,Pinsir,4,19,500,65,125,100,55,70,85,1,5,2,1.5,55,45,7
128,Tauros,5,19,490,75,100,95,40,70,110,1,5,4,1.4,88.4,45,1
129,Magikarp,3,19,200,20,10,55,15,20,80,1,2,13,0.89,10,255,13
130,Gyarados,3,2,540,95,125,79,60,100,81,1,3,13,6.5,235,45,4
131,Lapras,3,8,535,130,85,80,85,95,60,1,3,1,2.49,220,45,13
132,Ditto,5,19,288,48,48,48,48,48,48,1,7,14,0.3,4,35,14
133,Eevee,5,19,325,55,55,50,45,65,55,1,5,4,0.3,6.5,45,1
134,Vaporeon,3,19,525,130,65,60,110,95,65,1,3,4,0.99,29,45,1
135,Jolteon,7,19,525,65,65,60,110,95,130,1,6,4,0.79,24.5,45,1
136,Flareon,2,19,525,65,130,60,95,110,65,1,2,4,0.89,25,45,1
137,Porygon,5,19,395,65,60,70,85,75,40,1,8,11,0.79,36.5,45,8
138,Omanyte,12,10,355,35,40,100,90,55,35,1,3,8,0.41,7.5,45,11
139,Omastar,12,10,495,70,60,125,115,70,55,1,3,8,0.99,35,45,11
140,Kabuto,12,10,355,30,80,90,55,45,55,1,5,8,0.51,11.5,45,3
141,Kabutops,12,10,495,60,115,105,65,70,80,1,5,8,1.3,40.5,45,2
142,Aerodactyl,12,2,515,80,105,65,60,75,130,1,7,3,1.8,59,45,6
143,Snorlax,5,19,540,160,110,65,65,110,30,1,10,1,2.11,460,25,7
144,Articuno,14,2,580,90,85,100,95,125,85,1,3,5,1.7,55.4,3,6
145,Zapdos,7,2,580,90,90,85,125,90,100,1,6,5,1.6,52.6,3,6
146,Moltres,2,2,580,90,100,90,125,85,90,1,6,5,2.01,60,3,6
147,Dratini,15,19,300,41,64,45,50,50,50,1,3,8,1.8,3.3,45,4
148,Dragonair,15,19,420,61,84,65,70,70,70,1,3,8,3.99,16.5,45,4
149,Dragonite,15,2,600,91,134,95,100,100,80,1,5,8,2.21,210,45,2
150,Mewtwo,11,19,680,106,110,90,154,90,130,1,7,5,2.01,122,3,2
151,Mew,11,19,600,100,100,100,100,100,100,1,8,5,0.41,4,45,2
152,Chikorita,1,19,318,45,49,65,49,65,45,2,1,1,0.89,6.4,45,1
153,Bayleef,1,19,405,60,62,80,63,80,60,2,1,1,1.19,15.8,45,1
154,Meganium,1,19,525,80,82,100,83,100,80,2,1,1,1.8,100.5,45,1
155,Cyndaquil,2,19,309,39,52,43,60,50,65,2,6,4,0.51,7.9,45,7
156,Quilava,2,19,405,58,64,58,80,65,80,2,6,4,0.89,19,45,1
157,Typhlosion,2,19,534,78,84,78,109,85,100,2,6,4,1.7,79.5,45,1
158,Totodile,3,19,314,50,65,64,44,48,43,2,3,1,0.61,9.5,45,2
159,Croconaw,3,19,405,65,80,80,59,63,58,2,3,1,1.09,25,45,2
160,Feraligatr,3,19,530,85,105,100,79,83,78,2,3,1,2.31,88.8,45,2
161,Sentret,5,19,215,35,46,34,35,45,20,2,5,4,0.79,6,255,1
162,Furret,5,19,415,85,76,64,45,55,90,2,5,4,1.8,32.5,90,1
163,Hoothoot,5,2,262,60,30,30,36,56,50,2,5,3,0.71,21.2,255,6
164,Noctowl,5,2,442,100,50,50,76,96,70,2,5,3,1.6,40.8,90,6
165,Ledyba,4,2,265,40,20,30,40,80,55,2,2,2,0.99,10.8,255,6
166,Ledian,4,2,390,55,35,50,55,110,85,2,2,2,1.4,35.6,90,6
167,Spinarak,4,1,250,40,60,40,40,40,30,2,1,2,0.51,8.5,255,3
168,Ariados,4,1,390,70,90,70,60,60,40,2,2,2,1.09,33.5,90,3
169,Crobat,6,2,535,85,90,80,70,80,130,2,7,3,1.8,75,90,5
170,Chinchou,3,17,330,75,38,38,56,56,67,2,3,13,0.51,12,190,13
171,Lanturn,3,17,460,125,58,58,76,76,67,2,3,13,1.19,22.5,75,13
172,Pichu,7,19,205,20,40,15,35,35,60,2,6,5,0.3,2,190,1
173,Cleffa,9,19,218,50,25,28,45,55,15,2,8,5,0.3,3,150,2
174,Igglybuff,5,4,210,90,30,15,40,20,15,2,8,5,0.3,1,170,7
175,Togepi,9,19,245,35,20,65,40,65,20,2,4,5,0.3,1.5,190,7
176,Togetic,9,2,405,55,40,85,80,105,40,2,4,3,0.61,3.2,75,7
177,Natu,11,2,320,40,50,45,70,45,70,2,1,3,0.2,2,190,6
178,Xatu,11,2,470,65,75,70,95,70,95,2,1,3,1.5,15,75,6
179,Mareep,7,19,280,55,40,40,65,45,35,2,4,1,0.61,7.8,235,1
180,Flaaffy,7,19,365,70,55,55,80,60,45,2,8,1,0.79,13.3,120,2
181,Ampharos,7,19,510,90,75,85,115,90,55,2,6,1,1.4,61.5,45,2
182,Bellossom,1,19,490,75,80,95,90,100,50,2,1,7,0.41,5.8,45,7
183,Marill,3,4,250,70,20,50,20,50,40,2,3,8,0.41,8.5,190,2
184,Azumarill,3,4,420,100,50,80,60,80,50,2,3,8,0.79,28.5,75,2
185,Sudowoodo,12,19,410,70,100,115,30,65,30,2,5,11,1.19,38,65,7
186,Politoed,3,19,500,90,75,75,90,100,70,2,1,8,1.09,33.9,45,2
187,Hoppip,1,2,250,35,35,40,35,55,50,2,8,6,0.41,0.5,255,2
188,Skiploom,1,2,340,55,45,50,45,65,80,2,1,6,0.61,1,120,2
189,Jumpluff,1,2,460,75,55,70,55,95,110,2,3,6,0.79,3,45,2
190,Aipom,5,19,360,55,70,55,40,55,85,2,7,4,0.79,11.5,45,2
191,Sunkern,1,19,180,30,30,30,30,30,30,2,6,7,0.3,1.8,235,14
192,Sunflora,1,19,425,75,75,55,105,85,30,2,6,7,0.79,8.5,120,7
193,Yanma,4,2,390,65,65,45,75,45,95,2,2,2,1.19,38,75,5
194,Wooper,3,3,210,55,45,45,25,25,15,2,3,8,0.41,8.5,255,8
195,Quagsire,3,3,430,95,85,85,65,65,35,2,3,8,1.4,75,90,2
196,Espeon,11,19,525,65,65,60,130,95,110,2,7,4,0.89,26.5,45,1
197,Umbreon,16,19,525,95,65,110,60,130,65,2,10,4,0.99,27,45,1
198,Murkrow,16,2,405,60,85,42,85,42,91,2,10,3,0.51,2.1,30,6
199,Slowking,3,6,490,95,75,80,100,110,30,2,8,1,2.01,79.5,70,2
200,Misdreavus,13,19,435,60,60,60,85,85,85,2,7,12,0.71,1,45,14
201,Unown,11,19,336,48,72,48,72,48,48,2,10,5,0.51,5,225,14
202,Wobbuffet,11,19,405,190,33,58,33,58,33,2,3,12,1.3,28.5,45,9
203,Girafarig,5,6,455,70,80,65,90,65,85,2,6,4,1.5,41.5,60,1
204,Pineco,4,19,290,50,65,90,35,35,15,2,9,2,0.61,7.2,190,14
205,Forretress,4,7,465,75,90,140,60,60,40,2,7,2,1.19,125.8,75,14
206,Dunsparce,5,19,415,100,70,70,65,65,45,2,6,4,1.5,14,190,4
207,Gligar,8,2,430,65,75,105,35,65,85,2,7,2,1.09,64.8,60,6
208,Steelix,17,3,510,75,85,200,55,65,30,2,9,11,9.19,400,25,4
209,Snubbull,9,19,300,60,80,50,40,40,30,2,8,4,0.61,7.8,190,7
210,Granbull,9,19,450,90,120,75,60,60,45,2,7,4,1.4,48.7,75,2
211,Qwilfish,3,1,430,65,95,75,55,55,85,2,9,13,0.51,3.9,45,13
212,Scizor,4,7,500,70,130,100,55,80,65,2,2,2,1.8,118,25,5
213,Shuckle,4,9,505,20,10,230,10,230,5,2,6,2,0.61,20.5,190,3
214,Heracross,4,5,500,80,125,75,40,95,85,2,3,2,1.5,54,45,7
215,Sneasel,16,8,430,55,95,55,35,75,115,2,10,4,0.89,28,60,2
216,Teddiursa,5,19,330,60,80,50,50,50,40,2,5,4,0.61,8.8,120,2
217,Ursaring,5,19,500,90,130,75,75,75,55,2,5,4,1.8,125.8,60,2
218,Slugma,2,19,250,40,40,40,70,40,20,2,2,12,0.71,35,190,4
219,Magcargo,2,9,410,50,50,120,80,80,30,2,2,12,0.79,55,75,4
220,Swinub,14,3,250,50,50,40,30,30,50,2,5,4,0.41,6.5,225,1
221,Piloswine,14,3,450,100,100,80,60,60,50,2,5,4,1.09,55.8,75,1
222,Corsola,3,9,380,55,55,85,65,85,35,2,8,8,0.61,5,60,3
223,Remoraid,3,19,300,35,65,35,65,35,65,2,9,8,0.61,12,190,13
224,Octillery,3,19,480,75,105,75,105,75,45,2,2,8,0.89,28.5,75,11
225,Delibird,14,2,330,45,55,45,65,45,75,2,2,8,0.89,16,45,6
226,Mantine,3,2,465,65,40,70,80,140,70,2,7,8,2.11,220,25,6
227,Skarmory,17,2,465,65,80,140,40,70,70,2,9,3,1.7,50.5,25,6
228,Houndour,16,11,330,45,60,30,80,50,65,2,10,4,0.61,10.8,120,1
229,Houndoom,16,11,500,75,90,50,110,80,95,2,10,4,1.4,35,45,1
230,Kingdra,3,12,540,75,95,95,95,95,85,2,3,8,1.8,152,45,9
231,Phanpy,8,19,330,90,60,60,40,40,40,2,3,4,0.51,33.5,120,1
232,Donphan,8,19,500,90,120,120,60,60,50,2,9,4,1.09,120,60,1
233,Porygon2,5,19,515,85,80,90,105,95,60,2,2,11,0.61,32.5,45,8
234,Stantler,5,19,465,73,95,62,85,65,85,2,5,4,1.4,71.2,45,1
235,Smeargle,5,19,250,55,20,35,20,45,75,2,4,4,1.19,58,45,2
236,Tyrogue,10,19,210,35,35,35,35,35,35,2,7,5,0.71,21,75,7
237,Hitmontop,10,19,455,50,95,95,35,110,70,2,5,9,1.4,48,45,2
238,Smoochum,14,6,305,45,30,15,85,65,65,2,8,5,0.41,6,45,7
239,Elekid,7,19,360,45,63,37,65,55,95,2,6,5,0.61,23.5,45,7
240,Magby,2,19,365,45,75,37,70,55,83,2,2,5,0.71,21.4,45,2
241,Miltank,5,19,490,95,80,105,40,70,100,2,8,4,1.19,75.5,45,2
242,Blissey,5,19,540,255,10,10,75,135,55,2,8,6,1.5,46.8,30,7
243,Raikou,7,19,580,90,85,75,115,100,115,2,6,5,1.91,178,3,1
244,Entei,2,19,580,115,115,85,90,75,100,2,5,5,2.11,198,3,1
245,Suicune,3,19,580,100,75,115,90,115,85,2,3,5,2.01,187,3,1
246,Larvitar,12,3,300,50,64,50,45,50,41,2,1,1,0.61,72,45,2
247,Pupitar,12,3,410,70,84,70,65,70,51,2,9,1,1.19,152,45,4
248,Tyranitar,12,13,600,100,134,110,95,100,61,2,1,1,2.01,202,45,2
249,Lugia,11,2,680,106,90,130,90,154,110,2,4,5,5.21,216,3,6
250,Ho-Oh,2,2,680,106,130,90,110,154,90,2,2,5,3.81,199,3,6
251,Celebi,11,14,600,100,100,100,100,100,100,2,1,5,0.61,5,45,7
252,Treecko,1,19,310,40,45,35,65,55,70,3,1,1,0.51,5,45,2
253,Grovyle,1,19,405,50,65,45,85,65,95,3,1,1,0.89,21.6,45,2
254,Sceptile,1,19,530,70,85,65,105,85,120,3,1,1,1.7,52.2,45,2
255,Torchic,2,19,310,45,60,40,70,50,45,3,2,4,0.41,2.5,45,8
256,Combusken,2,5,405,60,85,60,85,60,55,3,2,4,0.89,19.5,45,2
257,Blaziken,2,5,530,80,120,70,110,70,80,3,2,4,1.91,52,45,2
258,Mudkip,3,19,310,50,70,50,50,50,40,3,3,1,0.41,7.6,45,1
259,Marshtomp,3,3,405,70,85,70,60,70,50,3,3,1,0.71,28,45,2
260,Swampert,3,3,535,100,110,90,85,90,60,3,3,1,1.5,81.9,45,2
261,Poochyena,16,19,220,35,55,35,30,30,35,3,9,4,0.51,13.6,255,1
262,Mightyena,16,19,420,70,90,70,60,60,70,3,9,4,0.99,37,127,1
263,Zigzagoon,5,19,240,38,30,41,30,41,60,3,5,4,0.41,17.5,255,1
264,Linoone,5,19,420,78,70,61,50,61,100,3,4,4,0.51,32.5,90,1
265,Wurmple,4,19,195,45,45,35,20,30,20,3,2,2,0.3,3.6,255,4
266,Silcoon,4,19,205,50,35,55,25,25,15,3,4,2,0.61,10,120,14
267,Beautifly,4,2,395,60,70,50,100,50,65,3,6,2,0.99,28.4,45,5
268,Cascoon,4,19,205,50,35,55,25,25,15,3,7,2,0.71,11.5,120,14
269,Dustox,4,1,385,60,50,70,50,90,65,3,1,2,1.19,31.6,45,5
270,Lotad,3,14,220,40,30,30,40,50,30,3,1,8,0.51,2.6,255,3
271,Lombre,3,14,340,60,50,50,60,70,50,3,1,8,1.19,32.5,120,7
272,Ludicolo,3,14,480,80,70,70,90,100,70,3,1,8,1.5,55,45,7
273,Seedot,1,19,220,40,40,50,30,30,30,3,5,4,0.51,4,255,8
274,Nuzleaf,1,13,340,70,70,40,60,40,60,3,5,4,0.99,28,120,7
275,Shiftry,1,13,480,90,100,60,90,60,80,3,5,4,1.3,59.6,45,7
276,Taillow,5,2,270,40,55,30,30,30,85,3,3,3,0.3,2.3,200,6
277,Swellow,5,2,430,60,85,60,50,50,125,3,3,3,0.71,19.8,45,6
278,Wingull,3,2,270,40,30,30,55,30,85,3,4,8,0.61,9.5,190,6
279,Pelipper,3,2,430,60,50,100,85,70,65,3,6,8,1.19,28,45,6
280,Ralts,11,4,198,28,25,25,45,35,40,3,4,12,0.41,6.6,235,7
281,Kirlia,11,4,278,38,35,35,65,55,50,3,4,12,0.79,20.2,120,7
282,Gardevoir,11,4,518,68,65,65,125,115,80,3,4,12,1.6,48.4,45,7
283,Surskit,4,10,269,40,30,32,50,52,65,3,3,8,0.51,1.7,200,3
284,Masquerain,4,2,414,70,60,62,80,82,60,3,3,8,0.79,3.6,75,5
285,Shroomish,1,19,295,60,40,60,40,60,35,3,5,6,0.41,4.5,255,8
286,Breloom,1,5,460,60,130,80,60,60,70,3,1,6,1.19,39.2,90,2
287,Slakoth,5,19,280,60,60,60,35,35,30,3,5,4,0.79,24,255,1
288,Vigoroth,5,19,440,80,80,80,55,55,90,3,4,4,1.4,46.5,120,2
289,Slaking,5,19,670,150,160,100,95,65,100,3,5,4,2.01,130.5,45,7
290,Nincada,4,3,266,31,45,90,30,30,40,3,9,2,0.51,5.5,255,3
291,Ninjask,4,2,456,61,90,45,50,50,160,3,6,2,0.79,12,120,5
292,Shedinja,4,15,236,1,90,45,30,30,40,3,5,11,0.79,1.2,45,9
293,Whismur,5,19,240,64,51,23,51,23,28,3,8,1,0.61,16.3,190,2
294,Loudred,5,19,360,84,71,43,71,43,48,3,3,1,0.99,40.5,120,2
295,Exploud,5,19,490,104,91,63,91,73,68,3,3,1,1.5,84,45,2
296,Makuhita,10,19,237,72,60,30,20,30,25,3,6,9,0.99,86.4,180,7
297,Hariyama,10,19,474,144,120,60,40,60,50,3,5,9,2.31,253.8,200,7
298,Azurill,5,4,190,50,20,40,20,40,20,3,3,5,0.2,2,150,8
299,Nosepass,12,19,375,30,45,135,45,90,30,3,9,11,0.99,97,255,7
300,Skitty,5,19,260,50,45,45,35,35,50,3,8,4,0.61,11,255,1
301,Delcatty,5,19,380,70,65,65,55,55,70,3,7,4,1.09,32.6,60,1
302,Sableye,16,15,380,50,75,75,65,65,50,3,7,9,0.51,11,45,7
303,Mawile,17,4,380,50,85,85,55,55,50,3,10,4,0.61,11.5,45,7
304,Aron,17,9,330,50,70,100,40,40,30,3,9,1,0.41,60,180,1
305,Lairon,17,9,430,60,90,140,50,50,40,3,9,1,0.89,120,90,1
306,Aggron,17,9,530,70,110,180,60,60,50,3,9,1,2.11,360,45,2
307,Meditite,10,6,280,30,40,55,40,55,60,3,3,9,0.61,11.2,180,7
308,Medicham,10,6,410,60,60,75,60,75,80,3,2,9,1.3,31.5,90,7
309,Electrike,7,19,295,40,45,40,65,40,65,3,1,4,0.61,15.2,120,1
310,Manectric,7,19,475,70,75,60,105,60,105,3,6,4,1.5,40.2,45,1
311,Plusle,7,19,405,60,50,40,85,75,95,3,6,6,0.41,4.2,200,2
312,Minun,7,19,405,60,40,50,75,85,95,3,6,6,0.41,4.2,200,2
313,Volbeat,4,19,400,65,73,55,47,75,85,3,9,2,0.71,17.7,150,2
314,Illumise,4,19,400,65,47,55,73,75,85,3,7,2,0.61,17.7,150,7
315,Roselia,1,1,400,50,60,45,100,80,65,3,1,6,0.3,2,150,7
316,Gulpin,6,19,302,70,43,53,43,53,40,3,1,12,0.41,10.3,225,12
317,Swalot,6,19,467,100,73,83,73,83,55,3,7,12,1.7,80,75,12
318,Carvanha,3,13,305,45,90,20,65,20,65,3,2,13,0.79,20.8,225,13
319,Sharpedo,3,13,460,70,120,40,95,40,95,3,3,13,1.8,88.8,60,13
320,Wailmer,3,19,400,130,70,35,70,35,60,3,3,4,2.01,130,125,13
321,Wailord,3,19,500,170,90,45,90,45,60,3,3,4,14.5,398,60,13
322,Numel,2,3,305,60,60,40,65,45,35,3,6,4,0.71,24,255,1
323,Camerupt,2,3,460,70,100,70,105,75,40,3,2,4,1.91,220,150,1
324,Torkoal,2,19,470,70,85,140,85,70,20,3,5,4,0.51,80.4,90,1
325,Spoink,11,19,330,60,25,35,70,80,60,3,10,4,0.71,30.6,255,12
326,Grumpig,11,19,470,80,45,65,90,110,80,3,7,4,0.89,71.5,60,2
327,Spinda,5,19,360,60,60,60,60,60,60,3,5,4,1.09,5,255,2
328,Trapinch,8,19,290,45,100,45,45,45,10,3,5,2,0.71,15,255,3
329,Vibrava,8,12,340,50,70,50,50,50,70,3,1,2,1.09,15.3,120,5
330,Flygon,8,12,520,80,100,80,80,80,100,3,1,2,2.01,82,45,6
331,Cacnea,1,19,335,50,85,40,85,40,35,3,1,7,0.41,51.3,190,7
332,Cacturne,1,13,475,70,115,60,115,60,55,3,1,7,1.3,77.4,60,7
333,Swablu,5,2,310,45,40,60,40,75,50,3,3,3,0.41,1.2,255,6
334,Altaria,15,2,490,75,70,90,70,105,80,3,3,3,1.09,20.6,45,6
335,Zangoose,5,19,458,73,115,60,60,60,90,3,4,4,1.3,40.3,90,2
336,Seviper,6,19,458,73,100,60,100,60,65,3,10,4,2.69,52.5,90,4
337,Lunatone,12,6,440,70,55,65,95,85,70,3,6,11,0.99,168,45,14
338,Solrock,12,6,440,70,95,85,55,65,70,3,2,11,1.19,154,45,14
339,Barboach,3,3,288,50,48,43,46,41,60,3,9,13,0.41,1.9,190,13
340,Whiscash,3,3,468,110,78,73,76,71,60,3,3,13,0.89,23.6,75,13
341,Corphish,3,19,308,43,80,65,50,35,35,3,2,8,0.61,11.5,205,3
342,Crawdaunt,3,13,468,63,120,85,90,55,55,3,2,8,1.09,32.8,155,3
343,Baltoy,8,6,300,40,40,55,40,70,55,3,5,11,0.51,21.5,255,12
344,Claydol,8,6,500,60,70,105,70,120,75,3,10,11,1.5,108,90,12
345,Lileep,12,14,355,66,41,77,61,87,23,3,7,10,0.99,23.8,45,9
346,Cradily,12,14,495,86,81,97,81,107,43,3,1,10,1.5,60.4,45,9
347,Anorith,12,16,355,45,95,50,40,50,75,3,9,10,0.71,12.5,45,3
348,Armaldo,12,16,495,75,125,100,70,80,45,3,9,10,1.5,68.2,45,2
349,Feebas,3,19,200,20,15,20,10,55,80,3,5,8,0.61,7.4,255,13
350,Milotic,3,19,540,95,60,79,100,125,81,3,8,8,6.2,162,60,4
351,Castform,5,19,420,70,70,70,70,70,70,3,4,6,0.3,0.8,45,14
352,Kecleon,5,19,440,60,90,70,60,120,40,3,1,4,0.99,22,200,2
353,Shuppet,13,19,295,44,75,35,63,33,45,3,10,12,0.61,2.3,225,14
354,Banette,13,19,455,64,115,65,83,63,65,3,10,12,1.09,12.5,45,2
355,Duskull,13,19,295,20,40,90,30,90,25,3,10,12,0.79,15,190,12
356,Dusclops,13,19,455,40,70,130,60,130,25,3,10,12,1.6,30.6,90,7
357,Tropius,1,2,460,99,68,83,72,87,51,3,1,1,2.01,100,200,1
358,Chimecho,11,19,425,65,50,70,95,80,65,3,3,12,0.61,1,45,12
359,Absol,16,19,465,65,130,60,75,60,75,3,4,4,1.19,47,30,1
360,Wynaut,11,19,260,95,23,48,23,48,23,3,3,5,0.61,14,125,2
361,Snorunt,14,19,300,50,50,50,50,50,50,3,9,6,0.71,16.8,190,7
362,Glalie,14,19,480,80,80,80,80,80,80,3,9,6,1.5,256.5,75,14
363,Spheal,14,10,290,70,40,50,55,50,25,3,3,8,0.79,39.5,255,13
364,Sealeo,14,10,410,90,60,70,75,70,45,3,3,8,1.09,87.6,120,13
365,Walrein,14,10,530,110,80,90,95,90,65,3,3,8,1.4,150.6,45,1
366,Clamperl,3,19,345,35,64,85,74,55,32,3,3,8,0.41,52.5,255,14
367,Huntail,3,19,485,55,104,105,94,75,52,3,3,8,1.7,27,60,4
368,Gorebyss,3,19,485,55,84,105,114,75,52,3,8,8,1.8,22.6,60,4
369,Relicanth,3,9,485,100,90,130,45,65,55,3,9,8,0.99,23.4,25,13
370,Luvdisc,3,19,330,43,30,55,40,65,97,3,8,13,0.61,8.7,225,13
371,Bagon,15,19,300,45,75,60,40,30,50,3,3,15,0.61,42.1,45,7
372,Shelgon,15,19,420,65,95,100,60,50,50,3,4,15,1.09,110.5,45,1
373,Salamence,15,2,600,95,135,80,110,80,100,3,3,15,1.5,102.6,45,1
374,Beldum,17,6,300,40,55,80,35,60,30,3,3,11,0.61,95.2,3,9
375,Metang,17,6,420,60,75,100,55,80,50,3,3,11,1.19,202.5,3,12
376,Metagross,17,6,600,80,135,130,95,90,70,3,3,11,1.6,550,3,10
377,Regirock,12,19,580,80,100,200,50,100,50,3,5,5,1.7,230,3,7
378,Regice,14,19,580,80,50,100,100,200,50,3,3,5,1.8,175,3,7
379,Registeel,17,19,580,80,75,150,75,150,50,3,9,5,1.91,205,3,7
380,Latias,15,6,600,80,80,90,110,130,110,3,2,5,1.4,40,3,6
381,Latios,15,6,600,80,90,80,130,110,110,3,3,5,2.01,60,3,6
382,Kyogre,3,19,670,100,100,90,150,140,90,3,3,5,4.5,352,3,13
383,Groudon,8,19,670,100,150,140,100,90,90,3,2,5,3.51,950,3,2
384,Rayquaza,15,2,680,105,150,90,150,90,95,3,1,5,7.01,206.5,45,4
385,Jirachi,17,6,600,100,100,100,100,100,100,3,6,5,0.3,1.1,3,7
386,Deoxys,11,19,600,50,150,50,150,50,150,3,2,5,1.7,60.8,3,7
387,Turtwig,1,19,318,55,68,64,45,55,31,4,1,1,0.41,10.2,45,1
388,Grotle,1,19,405,75,89,85,55,65,36,4,1,1,1.09,97,45,1
389,Torterra,1,3,525,95,109,105,75,85,56,4,1,1,2.21,310,45,1
390,Chimchar,2,19,309,44,58,44,58,44,61,4,5,4,0.51,6.2,45,2
391,Monferno,2,5,405,64,78,52,78,52,81,4,5,4,0.89,22,45,2
392,Infernape,2,5,534,76,104,71,104,71,108,4,5,4,1.19,55,45,2
393,Piplup,3,19,314,53,51,53,61,56,40,4,3,8,0.41,5.2,45,7
394,Prinplup,3,19,405,64,66,68,81,76,50,4,3,8,0.79,23,45,2
395,Empoleon,3,7,530,84,86,88,111,101,60,4,3,8,1.7,84.5,45,2
396,Starly,5,2,245,40,55,30,30,30,60,4,5,3,0.3,2,255,6
397,Staravia,5,2,340,55,75,50,40,40,80,4,5,3,0.61,15.5,120,6
398,Staraptor,5,2,485,85,120,70,50,60,100,4,5,3,1.19,24.9,45,6
399,Bidoof,5,19,250,59,45,40,35,40,31,4,5,8,0.51,20,255,1
400,Bibarel,5,10,410,79,85,60,55,60,71,4,5,8,0.99,31.5,127,2
401,Kricketot,4,19,194,37,25,41,25,41,25,4,2,2,0.3,2.2,255,7
402,Kricketune,4,19,384,77,85,51,55,51,65,4,2,2,0.99,25.5,45,5
403,Shinx,7,19,263,45,65,34,40,34,45,4,3,4,0.51,9.5,235,1
404,Luxio,7,19,363,60,85,49,60,49,60,4,3,4,0.89,30.5,120,1
405,Luxray,7,19,523,80,120,79,95,79,70,4,3,4,1.4,42,45,1
406,Budew,1,1,280,40,30,35,50,70,55,4,1,5,0.2,1.2,255,7
407,Roserade,1,1,515,60,70,65,125,105,90,4,1,6,0.89,14.5,75,7
408,Cranidos,12,19,350,67,125,40,30,30,58,4,3,1,0.89,31.5,45,2
409,Rampardos,12,19,495,97,165,60,65,50,58,4,3,1,1.6,102.5,45,2
410,Shieldon,12,7,350,30,42,118,42,88,30,4,9,1,0.51,57,45,1
411,Bastiodon,12,7,495,60,52,168,47,138,30,4,9,1,1.3,149.5,45,1
412,Burmy,4,19,224,40,29,45,29,45,36,4,9,2,0.2,3.4,120,9
413,Wormadam,4,14,424,60,59,85,79,105,36,4,9,2,0.51,6.5,45,9
414,Mothim,4,2,424,70,94,50,94,50,66,4,6,2,0.89,23.3,45,5
415,Combee,4,2,244,30,30,42,30,42,70,4,6,2,0.3,5.5,120,10
416,Vespiquen,4,2,474,70,80,102,80,102,40,4,6,2,1.19,38.5,45,5
417,Pachirisu,7,19,405,60,45,70,45,90,95,4,4,4,0.41,3.9,200,1
418,Buizel,3,19,330,55,65,35,60,30,85,4,5,8,0.71,29.5,190,1
419,Floatzel,3,19,495,85,105,55,85,50,115,4,5,8,1.09,33.5,75,1
420,Cherubi,1,19,275,45,35,45,62,53,35,4,8,6,0.41,3.3,190,10
421,Cherrim,1,19,450,70,60,70,87,78,85,4,8,6,0.51,9.3,75,8
422,Shellos,3,19,325,76,48,48,57,62,34,4,7,8,0.3,6.3,190,4
423,Gastrodon,3,3,475,111,83,68,92,82,39,4,7,8,0.89,29.9,75,4
424,Ambipom,5,19,482,75,100,66,60,66,115,4,7,4,1.19,20.3,45,2
425,Drifloon,13,2,348,90,50,34,60,44,70,4,7,12,0.41,1.2,125,12
426,Drifblim,13,2,498,150,80,44,90,54,80,4,7,12,1.19,15,60,12
427,Buneary,5,19,350,55,66,44,44,56,85,4,5,4,0.41,5.5,190,2
428,Lopunny,5,19,480,65,76,84,54,96,105,4,5,4,1.19,33.3,60,2
429,Mismagius,13,19,495,60,60,60,105,105,105,4,7,12,0.89,4.4,45,14
430,Honchkrow,16,2,505,100,125,52,105,52,71,4,10,3,0.89,27.3,30,6
431,Glameow,5,19,310,49,55,42,42,37,85,4,9,4,0.51,3.9,190,1
432,Purugly,5,19,452,71,82,64,64,59,112,4,9,4,0.99,43.8,75,1
433,Chingling,11,19,285,45,30,50,65,50,45,4,6,5,0.2,0.6,120,7
434,Stunky,6,13,329,63,63,47,41,41,74,4,7,4,0.41,19.2,225,1
435,Skuntank,6,13,479,103,93,67,71,61,84,4,7,4,0.99,38,60,1
436,Bronzor,17,6,300,57,24,86,24,86,23,4,1,11,0.51,60.5,255,14
437,Bronzong,17,6,500,67,89,116,79,116,33,4,1,11,1.3,187,90,12
438,Bonsly,12,19,290,50,80,95,10,45,10,4,5,5,0.51,15,255,8
439,Mime_Jr.,11,4,310,20,25,45,70,90,60,4,8,5,0.61,13,145,7
440,Happiny,5,19,220,100,5,5,15,65,30,4,8,5,0.61,24.4,130,7
441,Chatot,5,2,411,76,65,45,92,42,91,4,10,3,0.51,1.9,30,6
442,Spiritomb,13,13,485,50,92,108,92,108,35,4,7,12,0.99,108,100,9
443,Gible,15,3,300,58,70,45,40,45,42,4,3,1,0.71,20.5,45,2
444,Gabite,15,3,410,68,90,65,50,55,82,4,3,1,1.4,56,45,2
445,Garchomp,15,3,600,108,130,95,80,85,102,4,3,1,1.91,95,45,2
446,Munchlax,5,19,390,135,85,40,40,85,5,4,10,5,0.61,105,50,7
447,Riolu,10,19,285,40,70,40,35,40,60,4,3,5,0.71,20.2,75,2
448,Lucario,10,7,525,70,110,70,115,70,90,4,3,4,1.19,54,45,2
449,Hippopotas,8,19,330,68,72,78,38,42,32,4,5,4,0.79,49.5,140,1
450,Hippowdon,8,19,525,108,112,118,68,72,47,4,5,4,2.01,300,60,1
451,Skorupi,6,16,330,40,50,90,30,55,65,4,7,2,0.79,12,120,3
452,Drapion,6,13,500,70,90,110,60,75,95,4,7,2,1.3,61.5,45,3
453,Croagunk,6,5,300,48,61,40,61,40,50,4,3,9,0.71,23,140,7
454,Toxicroak,6,5,490,83,106,65,86,65,85,4,3,9,1.3,44.4,75,7
455,Carnivine,1,19,454,74,100,72,90,72,46,4,1,7,1.4,27,200,11
456,Finneon,3,19,330,49,49,56,49,61,66,4,3,13,0.41,7,190,13
457,Lumineon,3,19,460,69,69,76,69,86,91,4,3,13,1.19,24,75,13
458,Mantyke,3,2,345,45,20,50,60,120,50,4,3,5,0.99,65,25,6
459,Snover,1,8,334,60,62,50,62,60,40,4,4,1,0.99,50.5,120,2
460,Abomasnow,1,8,494,90,92,75,92,85,60,4,4,1,2.21,135.5,60,2
461,Weavile,16,8,510,70,120,65,45,85,125,4,10,4,1.09,34,45,2
462,Magnezone,7,7,535,70,70,115,130,90,60,4,9,11,1.19,180,30,12
463,Lickilicky,5,19,515,110,85,95,80,95,50,4,8,1,1.7,140,30,7
464,Rhyperior,8,9,535,115,140,130,55,55,40,4,9,1,2.39,282.8,30,2
465,Tangrowth,1,19,535,100,100,125,110,50,50,4,3,7,2.01,128.6,30,7
466,Electivire,7,19,540,75,123,67,95,85,95,4,6,9,1.8,138.6,30,2
467,Magmortar,2,19,540,75,95,67,125,95,83,4,2,9,1.6,68,30,2
468,Togekiss,9,2,545,85,50,95,120,115,80,4,4,3,1.5,38,30,6
469,Yanmega,4,2,515,86,76,86,116,56,95,4,1,2,1.91,51.5,30,5
470,Leafeon,1,19,525,65,110,130,60,65,95,4,1,4,0.99,25.5,45,1
471,Glaceon,14,19,525,65,60,110,130,95,65,4,3,4,0.79,25.9,45,1
472,Gliscor,8,2,510,75,95,125,45,75,95,4,7,2,2.01,42.5,30,6
473,Mamoswine,14,3,530,110,130,80,70,60,80,4,5,4,2.49,291,50,1
474,Porygon-Z,5,19,535,85,80,70,135,75,90,4,2,11,0.89,34,30,12
475,Gallade,11,5,518,68,125,65,65,115,80,4,4,12,1.6,52,45,7
476,Probopass,12,7,525,60,55,145,75,150,40,4,9,11,1.4,340,60,10
477,Dusknoir,13,19,525,45,100,135,65,135,45,4,10,12,2.21,106.6,45,12
478,Froslass,14,15,480,70,80,70,80,70,110,4,4,6,1.3,26.6,75,12
479,Rotom,7,15,440,50,50,77,95,77,91,4,2,12,0.3,0.3,45,14
480,Uxie,11,19,580,75,75,130,75,130,95,4,6,5,0.3,0.3,3,2
481,Mesprit,11,19,580,80,105,105,105,105,80,4,8,5,0.3,0.3,3,2
482,Azelf,11,19,580,75,125,70,125,70,115,4,3,5,0.3,0.3,3,2
483,Dialga,17,12,680,100,120,120,150,100,90,4,4,5,5.41,683,3,1
484,Palkia,3,12,680,90,120,100,150,120,100,4,7,5,4.19,336,3,2
485,Heatran,2,7,600,91,90,106,130,106,77,4,5,5,1.7,430,3,1
486,Regigigas,5,19,670,110,160,110,80,110,100,4,4,5,3.71,420,3,7
487,Giratina,13,12,680,150,120,100,120,100,90,4,10,5,6.91,650,3,4
488,Cresselia,11,19,600,120,70,120,75,130,85,4,6,5,1.5,85.6,3,4
489,Phione,3,19,480,80,80,80,80,80,80,4,3,8,0.41,3.1,30,12
490,Manaphy,3,19,600,100,100,100,100,100,100,4,3,8,0.3,1.4,3,7
491,Darkrai,16,19,600,70,90,90,135,90,125,4,10,5,1.5,50.5,3,7
492,Shaymin,1,19,600,100,100,100,100,100,100,4,1,5,0.2,2.1,45,1
493,Arceus,5,19,720,120,120,120,120,120,120,4,9,5,3.2,320,3,1
494,Victini,11,11,600,100,100,100,100,100,100,5,6,5,0.41,4,3,7
495,Snivy,1,19,308,45,45,55,45,55,63,5,1,4,0.61,8.1,45,2
496,Servine,1,19,413,60,60,75,60,75,83,5,1,4,0.79,16,45,2
497,Serperior,1,19,528,75,75,95,75,95,113,5,1,4,3.3,63,45,4
498,Tepig,2,19,308,65,63,45,45,45,45,5,2,4,0.51,9.9,45,1
499,Pignite,2,5,418,90,93,55,70,55,55,5,2,4,0.99,55.5,45,2
500,Emboar,2,5,528,110,123,65,100,65,65,5,2,4,1.6,150,45,2
501,Oshawott,3,19,308,55,55,45,63,45,45,5,3,4,0.51,5.9,45,2
502,Dewott,3,19,413,75,75,60,83,60,60,5,3,4,0.79,24.5,45,2
503,Samurott,3,19,528,95,100,85,108,70,70,5,3,4,1.5,94.6,45,1
504,Patrat,5,19,255,45,55,39,35,39,42,5,5,4,0.51,11.6,255,1
505,Watchog,5,19,420,60,85,69,60,69,77,5,5,4,1.09,27,255,2
506,Lillipup,5,19,275,45,60,45,25,45,55,5,5,4,0.41,4.1,255,1
507,Herdier,5,19,370,65,80,65,35,65,60,5,9,4,0.89,14.7,120,1
508,Stoutland,5,19,500,85,110,90,45,90,80,5,9,4,1.19,61,45,1
509,Purrloin,16,19,281,41,50,37,50,37,66,5,7,4,0.41,10.1,255,1
510,Liepard,16,19,446,64,88,50,88,50,106,5,7,4,1.09,37.5,90,1
511,Pansage,1,19,316,50,53,48,53,48,64,5,1,4,0.61,10.5,190,2
512,Simisage,1,19,498,75,98,63,98,63,101,5,1,4,1.09,30.5,75,2
513,Pansear,2,19,316,50,53,48,53,48,64,5,2,4,0.61,11,190,2
514,Simisear,2,19,498,75,98,63,98,63,101,5,2,4,0.99,28,75,2
515,Panpour,3,19,316,50,53,48,53,48,64,5,3,4,0.61,13.5,190,2
516,Simipour,3,19,498,75,98,63,98,63,101,5,3,4,0.99,29,75,2
517,Munna,11,19,292,76,25,45,67,55,24,5,8,4,0.61,23.3,190,1
518,Musharna,11,19,487,116,55,85,107,95,29,5,8,4,1.09,60.5,75,7
519,Pidove,5,2,264,50,55,50,36,30,43,5,9,3,0.3,2.1,255,6
520,Tranquill,5,2,358,62,77,62,50,42,65,5,9,3,0.61,15,120,6
521,Unfezant,5,2,488,80,115,80,65,55,93,5,9,3,1.19,29,45,6
522,Blitzle,7,19,295,45,60,32,50,32,76,5,10,4,0.79,29.8,190,1
523,Zebstrika,7,19,497,75,100,63,80,63,116,5,10,4,1.6,79.5,75,1
524,Roggenrola,12,19,280,55,75,85,25,25,15,5,3,11,0.41,18,255,8
525,Boldore,12,19,390,70,105,105,50,40,20,5,3,11,0.89,102,120,11
526,Gigalith,12,19,515,85,135,130,60,80,25,5,3,11,1.7,260,45,11
527,Woobat,11,2,313,55,45,43,55,43,72,5,3,4,0.41,2.1,190,6
528,Swoobat,11,2,425,67,57,55,77,55,114,5,3,4,0.89,10.5,45,6
529,Drilbur,8,19,328,60,85,40,30,45,68,5,9,4,0.3,8.5,120,2
530,Excadrill,8,7,508,110,135,60,50,65,88,5,9,4,0.71,40.4,60,7
531,Audino,5,19,445,103,60,86,60,86,50,5,8,6,1.09,31,255,2
532,Timburr,10,19,305,75,80,55,25,35,35,5,9,9,0.61,12.5,180,7
533,Gurdurr,10,19,405,85,105,85,40,50,40,5,9,9,1.19,40,90,7
534,Conkeldurr,10,19,505,105,140,95,55,65,45,5,9,9,1.4,87,45,7
535,Tympole,3,19,294,50,50,40,50,40,64,5,3,8,0.51,4.5,255,13
536,Palpitoad,3,3,384,75,65,55,65,55,69,5,3,8,0.79,17,120,2
537,Seismitoad,3,3,509,105,95,75,85,75,74,5,3,8,1.5,62,45,7
538,Throh,10,19,465,120,100,85,30,85,45,5,2,9,1.3,55.5,45,7
539,Sawk,10,19,465,75,125,75,30,75,85,5,3,9,1.4,51,45,7
540,Sewaddle,4,14,310,45,53,70,40,60,42,5,6,2,0.3,2.5,255,3
541,Swadloon,4,14,380,55,63,90,50,80,42,5,1,2,0.51,7.3,120,12
542,Leavanny,4,14,500,75,103,80,70,80,92,5,6,2,1.19,20.5,45,7
543,Venipede,4,1,260,30,45,59,30,39,57,5,2,2,0.41,5.3,255,3
544,Whirlipede,4,1,360,40,55,99,40,79,47,5,9,2,1.19,58.5,120,14
545,Scolipede,4,1,485,60,100,89,55,69,112,5,2,2,2.49,200.5,45,3
546,Cottonee,1,4,280,40,27,60,37,50,66,5,1,7,0.3,0.6,190,14
547,Whimsicott,1,4,480,60,67,85,77,75,116,5,1,7,0.71,6.6,75,7
548,Petilil,1,19,280,45,35,50,70,50,30,5,1,7,0.51,6.6,190,9
549,Lilligant,1,19,480,70,60,75,110,75,90,5,1,7,1.09,16.3,75,9
550,Basculin,3,19,460,70,92,65,80,55,98,5,1,13,0.99,18,25,13
551,Sandile,8,13,292,50,72,35,35,35,65,5,5,4,0.71,15.2,180,1
552,Krokorok,8,13,351,60,82,45,45,45,74,5,5,4,0.99,33.4,90,1
553,Krookodile,8,13,519,95,117,80,65,70,92,5,2,4,1.5,96.3,45,2
554,Darumaka,2,19,315,70,90,45,15,45,50,5,2,4,0.61,37.5,120,7
555,Darmanitan,2,19,480,105,140,55,30,55,95,5,2,4,1.3,92.9,60,1
556,Maractus,1,19,461,75,86,67,106,67,60,5,1,7,0.99,28,255,9
557,Dwebble,4,9,325,50,65,85,35,35,55,5,2,2,0.3,14.5,190,3
558,Crustle,4,9,475,70,95,125,65,75,45,5,2,2,1.4,200,75,3
559,Scraggy,16,5,348,50,75,70,35,70,48,5,6,4,0.61,11.8,180,2
560,Scrafty,16,5,488,65,90,115,45,115,58,5,2,4,1.09,30,90,2
561,Sigilyph,11,2,490,72,58,80,103,80,97,5,10,3,1.4,14,45,6
562,Yamask,13,19,303,38,30,85,55,65,30,5,10,11,0.51,1.5,190,12
563,Cofagrigus,13,19,483,58,50,145,95,105,30,5,6,11,1.7,76.5,90,9
564,Tirtouga,3,9,355,54,78,103,53,45,22,5,3,8,0.71,16.5,45,1
565,Carracosta,3,9,495,74,108,133,83,65,32,5,3,8,1.19,81,45,2
566,Archen,12,2,401,55,112,45,74,45,70,5,6,3,0.51,9.5,45,6
567,Archeops,12,2,567,75,140,65,112,65,110,5,6,3,1.4,32,45,6
568,Trubbish,6,19,329,50,50,62,40,62,65,5,1,11,0.61,31,190,7
569,Garbodor,6,19,474,80,95,82,60,82,75,5,1,11,1.91,107.3,60,7
570,Zorua,16,19,330,40,65,40,80,40,65,5,9,4,0.71,12.5,75,1
571,Zoroark,16,19,510,60,105,60,120,60,105,5,9,4,1.6,81.1,45,2
572,Minccino,5,19,300,55,50,40,40,40,75,5,9,4,0.41,5.8,255,1
573,Cinccino,5,19,470,75,95,60,65,60,115,5,9,4,0.51,7.5,60,1
574,Gothita,11,19,290,45,30,50,55,65,45,5,7,9,0.41,5.8,200,7
575,Gothorita,11,19,390,60,45,70,75,85,55,5,7,9,0.71,18,100,7
576,Gothitelle,11,19,490,70,55,95,95,110,65,5,7,9,1.5,44,50,7
577,Solosis,11,19,290,45,30,40,105,50,20,5,1,12,0.3,1,200,14
578,Duosion,11,19,370,65,40,50,125,60,30,5,1,12,0.61,8,100,14
579,Reuniclus,11,19,490,110,65,75,125,85,30,5,1,12,0.99,20.1,50,12
580,Ducklett,3,2,305,62,44,50,44,50,55,5,3,8,0.51,5.5,190,6
581,Swanna,3,2,473,75,87,63,87,63,98,5,4,8,1.3,24.2,45,6
582,Vanillite,14,19,305,36,50,50,65,60,44,5,4,11,0.41,5.7,255,9
583,Vanillish,14,19,395,51,65,65,80,75,59,5,4,11,1.09,41,120,9
584,Vanilluxe,14,19,535,71,95,85,110,95,79,5,4,11,1.3,57.5,45,10
585,Deerling,5,14,335,60,60,50,40,50,75,5,6,4,0.61,19.5,190,1
586,Sawsbuck,5,14,475,80,100,70,60,70,95,5,5,4,1.91,92.5,75,1
587,Emolga,7,2,428,55,75,60,75,60,103,5,4,4,0.41,5,200,1
588,Karrablast,4,19,315,50,75,45,40,45,60,5,3,2,0.51,5.9,200,7
589,Escavalier,4,7,495,70,135,105,60,105,20,5,9,2,0.99,33,75,12
590,Foongus,1,1,294,69,55,45,55,55,15,5,4,7,0.2,1,190,12
591,Amoonguss,1,1,464,114,85,70,85,80,30,5,9,7,0.61,10.5,75,12
592,Frillish,3,15,335,55,40,50,65,85,40,5,4,12,1.19,33,190,11
593,Jellicent,3,15,480,100,60,70,85,105,60,5,4,12,2.21,135,60,11
594,Alomomola,3,19,470,165,75,80,40,45,65,5,8,8,1.19,31.6,75,13
595,Joltik,4,17,319,50,47,50,57,50,65,5,6,2,0.1,0.6,190,3
596,Galvantula,4,17,472,70,77,60,97,60,108,5,6,2,0.79,14.3,75,3
597,Ferroseed,1,7,305,44,50,91,24,86,10,5,9,7,0.61,18.8,255,14
598,Ferrothorn,1,7,489,74,94,131,54,116,20,5,9,7,0.99,110,90,11
599,Klink,17,19,300,40,55,70,45,60,30,5,9,11,0.3,21,130,10
600,Klang,17,19,440,60,80,95,70,85,50,5,9,11,0.61,51,60,10
601,Klinklang,17,19,520,60,100,115,70,85,90,5,9,11,0.61,81,30,10
602,Tynamo,7,19,275,35,55,40,45,40,60,5,4,12,0.2,0.3,190,13
603,Eelektrik,7,19,405,65,85,70,75,70,40,5,3,12,1.19,22,60,13
604,Eelektross,7,19,515,85,115,80,105,80,50,5,3,12,2.11,80.5,30,13
605,Elgyem,11,19,335,55,55,55,85,55,30,5,9,9,0.51,9,255,2
606,Beheeyem,11,19,485,75,75,75,125,95,40,5,5,9,0.99,34.5,90,7
607,Litwick,13,11,275,50,30,55,65,55,20,5,4,12,0.3,3.1,190,9
608,Lampent,13,11,370,60,40,60,95,60,55,5,10,12,0.61,13,90,12
609,Chandelure,13,11,520,60,55,90,145,90,80,5,10,12,0.99,34.3,45,12
610,Axew,15,19,320,46,87,60,30,40,57,5,1,1,0.61,18,75,2
611,Fraxure,15,19,410,66,117,70,40,50,67,5,1,1,0.99,36,60,2
612,Haxorus,15,19,540,76,147,90,60,70,97,5,6,1,1.8,105.5,45,2
613,Cubchoo,14,19,305,55,70,40,60,40,40,5,3,4,0.51,8.5,120,2
614,Beartic,14,19,485,95,110,80,70,80,50,5,4,4,2.59,260,60,1
615,Cryogonal,14,19,485,70,50,30,95,135,105,5,3,11,1.09,148,25,14
616,Shelmet,4,19,305,50,40,85,40,65,25,5,2,2,0.41,7.7,200,14
617,Accelgor,4,19,495,80,70,40,100,60,145,5,2,2,0.79,25.3,75,12
618,Stunfisk,8,17,471,109,66,84,81,99,32,5,5,8,0.71,11,75,13
619,Mienfoo,10,19,350,45,85,50,55,50,65,5,6,4,0.89,20,180,2
620,Mienshao,10,19,510,65,125,60,95,60,105,5,7,4,1.4,35.5,45,2
621,Druddigon,15,19,485,77,120,90,60,90,48,5,2,15,1.6,139,45,2
622,Golett,8,15,303,59,74,50,35,50,35,5,1,11,0.99,92,190,7
623,Golurk,8,15,483,89,124,80,55,80,55,5,1,11,2.79,330,90,7
624,Pawniard,16,7,340,45,85,70,40,40,60,5,2,9,0.51,10.2,120,7
625,Bisharp,16,7,490,65,125,100,60,70,70,5,2,9,1.6,70,45,7
626,Bouffalant,5,19,490,95,110,95,40,95,55,5,5,4,1.6,94.6,45,1
627,Rufflet,5,2,350,70,83,50,37,50,60,5,4,3,0.51,10.5,190,6
628,Braviary,5,2,510,100,123,75,57,75,80,5,2,3,1.5,41,60,6
629,Vullaby,16,2,370,70,55,75,45,65,60,5,5,3,0.51,9,190,6
630,Mandibuzz,16,2,510,110,65,105,55,95,80,5,5,3,1.19,39.5,60,6
631,Heatmor,2,19,484,85,97,66,105,66,65,5,2,4,1.4,58,90,2
632,Durant,4,7,484,58,109,112,48,48,109,5,9,2,0.3,33,90,3
633,Deino,16,12,300,52,65,50,45,50,38,5,3,15,0.79,17.3,45,1
634,Zweilous,16,12,420,72,85,70,65,70,58,5,3,15,1.4,50,45,1
635,Hydreigon,16,12,600,92,105,90,125,90,98,5,3,15,1.8,160,45,2
636,Larvesta,4,11,360,55,85,55,50,55,60,5,4,2,1.09,28.8,45,3
637,Volcarona,4,11,550,85,60,65,135,105,100,5,4,2,1.6,46,15,5
638,Cobalion,17,5,580,91,90,129,90,72,108,5,3,5,2.11,250,3,1
639,Terrakion,12,5,580,91,129,90,72,90,108,5,9,5,1.91,260,3,1
640,Virizion,1,5,580,91,90,72,90,129,108,5,1,5,2.01,200,3,1
641,Tornadus,18,19,580,79,115,70,125,80,111,5,1,5,1.5,63,3,12
642,Thundurus,7,2,580,79,115,70,125,80,111,5,3,5,1.5,61,3,12
643,Reshiram,15,11,680,100,120,100,150,120,90,5,4,5,3.2,330,3,6
644,Zekrom,15,17,680,100,150,120,120,100,90,5,10,5,2.9,345,3,2
645,Landorus,8,2,600,89,125,90,115,80,101,5,5,5,1.5,68,3,12
646,Kyurem,15,8,660,125,130,90,130,90,95,5,9,5,3,325,3,2
647,Keldeo,3,5,580,91,72,90,129,90,108,5,6,5,1.4,48.5,3,1
648,Meloetta,5,6,600,100,77,77,128,128,90,5,4,5,0.61,6.5,3,7
649,Genesect,4,7,600,71,120,95,120,95,99,5,7,5,1.5,82.5,3,7
650,Chespin,1,19,313,56,61,65,48,45,38,6,1,4,0.41,9,45,2
651,Quilladin,1,19,405,61,78,95,56,58,57,6,1,4,0.71,29,45,2
652,Chesnaught,1,5,530,88,107,122,74,75,64,6,1,4,1.6,90,45,2
653,Fennekin,2,19,307,40,45,40,62,60,60,6,2,4,0.41,9.4,45,1
654,Braixen,2,19,409,59,59,58,90,70,73,6,2,4,0.99,14.5,45,2
655,Delphox,2,6,534,75,69,72,114,100,104,6,2,4,1.5,39,45,2
656,Froakie,3,19,314,41,56,40,62,44,71,6,3,8,0.3,7,45,1
657,Frogadier,3,19,405,54,63,52,83,56,97,6,3,8,0.61,10.9,45,7
658,Greninja,3,13,530,72,95,67,103,71,122,6,3,8,1.5,40,45,7
659,Bunnelby,5,19,237,38,36,38,32,36,57,6,5,4,0.41,5,255,2
660,Diggersby,5,3,423,85,56,77,50,77,78,6,5,4,0.99,42.4,127,2
661,Fletchling,5,2,278,45,50,43,40,38,62,6,2,3,0.3,1.7,255,6
662,Fletchinder,2,2,382,62,73,55,56,52,84,6,2,3,0.71,16,120,6
663,Talonflame,2,2,499,78,81,71,74,69,126,6,2,3,1.19,24.5,45,6
664,Scatterbug,4,19,200,38,35,40,27,25,35,6,10,2,0.3,2.5,255,3
665,Spewpa,4,19,213,45,22,60,27,30,29,6,10,2,0.3,8.4,120,9
666,Vivillon,4,2,411,80,52,50,90,50,89,6,10,2,1.19,17,45,5
667,Litleo,2,18,369,62,50,58,73,54,72,6,5,4,0.61,13.5,220,1
668,Pyroar,2,18,507,86,68,72,109,66,106,6,5,4,1.5,81.5,65,1
669,FlabÃ©bÃ©,9,19,303,44,38,39,61,79,42,6,4,6,0.1,0.1,225,12
670,Floette,9,19,371,54,45,47,75,98,52,6,4,6,0.2,0.9,120,12
671,Florges,9,19,552,78,65,68,112,154,75,6,4,6,1.09,10,45,12
672,Skiddo,1,19,350,66,65,48,62,57,52,6,5,4,0.89,31,200,1
673,Gogoat,1,19,531,123,100,62,97,81,68,6,5,4,1.7,91,45,1
674,Pancham,10,19,348,67,82,62,46,48,43,6,4,4,0.61,8,220,2
675,Pangoro,10,13,495,95,124,78,69,71,58,6,4,4,2.11,136,65,7
676,Furfrou,5,19,472,75,80,60,65,90,102,6,4,4,1.19,28,160,1
677,Espurr,11,19,355,62,48,54,63,60,68,6,9,4,0.3,3.5,190,2
678,Meowstic,11,19,466,74,48,76,83,81,104,6,4,4,0.61,8.5,75,2
679,Honedge,17,15,325,45,80,100,35,37,28,6,5,11,0.79,2,180,9
680,Doublade,17,15,448,59,110,150,45,49,35,6,5,11,0.84,4.5,90,10
681,Aegislash,17,15,520,60,50,150,50,150,60,6,5,11,1.7,53,45,9
682,Spritzee,9,19,341,78,52,60,63,65,23,6,8,6,0.2,0.5,200,12
683,Aromatisse,9,19,462,101,72,72,99,89,29,6,8,6,0.79,15.5,140,7
684,Swirlix,9,19,341,62,48,66,59,57,49,6,4,6,0.41,3.5,200,8
685,Slurpuff,9,19,480,82,80,86,85,75,72,6,4,6,0.79,5,140,7
686,Inkay,16,6,288,53,54,53,37,46,45,6,3,8,0.41,3.5,190,11
687,Malamar,16,6,482,86,92,88,68,75,73,6,3,8,1.5,47,80,9
688,Binacle,12,10,306,42,52,67,39,56,50,6,5,10,0.51,31,120,10
689,Barbaracle,12,10,500,72,105,115,54,86,68,6,5,10,1.3,96,45,10
690,Skrelp,6,10,320,50,60,60,60,60,30,6,5,8,0.51,7.3,225,9
691,Dragalge,6,12,494,65,75,90,97,123,44,6,5,8,1.8,81.5,55,9
692,Clauncher,3,19,330,50,53,62,58,63,44,6,3,8,0.51,8.3,225,3
693,Clawitzer,3,19,500,71,73,88,120,89,59,6,3,8,1.3,35.3,55,4
694,Helioptile,7,18,289,44,38,33,61,43,70,6,6,1,0.51,6,190,2
695,Heliolisk,7,18,481,62,55,52,109,94,109,6,6,1,0.99,21,75,2
696,Tyrunt,12,12,362,58,89,77,45,45,48,6,5,1,0.79,26,45,2
697,Tyrantrum,12,12,521,82,121,119,69,59,71,6,2,1,2.49,270,45,2
698,Amaura,12,8,362,77,59,50,67,63,46,6,3,1,1.3,25.2,45,1
699,Aurorus,12,8,521,123,77,72,99,92,58,6,3,1,2.69,225,45,1
700,Sylveon,9,19,525,95,65,65,110,130,60,6,8,4,0.99,23.5,45,1
701,Hawlucha,10,2,500,78,92,75,74,63,118,6,1,9,0.79,21.5,100,7
702,Dedenne,7,4,431,67,58,57,81,67,101,6,6,4,0.2,2.2,180,2
703,Carbink,12,4,500,50,50,150,50,150,50,6,9,6,0.3,5.7,60,14
704,Goomy,15,19,300,45,50,35,55,75,40,6,7,15,0.3,2.8,45,4
705,Sliggoo,15,19,452,68,75,53,83,113,60,6,7,15,0.79,17.5,45,4
706,Goodra,15,19,600,90,100,70,110,150,80,6,7,15,2.01,150.5,45,2
707,Klefki,17,4,470,57,80,91,80,87,75,6,9,11,0.2,3,75,14
708,Phantump,13,14,309,43,70,48,50,60,38,6,5,7,0.41,7,120,12
709,Trevenant,13,14,474,85,110,76,65,82,56,6,5,7,1.5,71,60,11
710,Pumpkaboo,13,14,335,49,66,70,44,55,51,6,5,12,0.41,5,120,14
711,Gourgeist,13,14,494,65,90,122,58,75,84,6,5,12,1.7,39,60,9
712,Bergmite,14,19,304,55,69,85,32,35,28,6,3,1,0.99,99.5,190,1
713,Avalugg,14,19,514,95,117,184,44,46,28,6,3,1,2.01,505,55,1
714,Noibat,18,12,245,40,30,35,45,40,55,6,7,3,0.51,8,190,6
715,Noivern,18,12,535,85,70,80,97,80,123,6,7,3,1.5,85,45,6
716,Xerneas,9,19,680,126,131,95,131,98,99,6,3,5,3,215,45,1
717,Yveltal,16,2,680,126,131,95,131,98,99,6,2,5,5.79,203,45,6
718,Zygarde,15,3,600,108,100,121,81,95,95,6,1,5,5,305,3,4
719,Diancie,12,4,600,50,100,150,100,150,50,6,8,5,0.71,8.8,3,12
720,Hoopa,11,15,600,80,110,60,150,130,70,6,7,5,0.51,9,3,14
721,Volcanion,2,10,600,80,110,120,130,90,70,6,5,5,1.7,195,3,1
